,mean_fit_time,std_fit_time,mean_score_time,std_score_time,params,split0_test_score,split1_test_score,split2_test_score,split3_test_score,split4_test_score,mean_test_score,std_test_score,rank_test_score
0,0.22334208488464355,0.040056402333331055,0.04610772132873535,0.009802920087166548,{},0.8444444444444444,0.6333333333333333,0.6555555555555556,0.5583333333333333,0.573015873015873,0.6529365079365078,0.10237529207928775,1
