,mean_fit_time,std_fit_time,mean_score_time,std_score_time,param_randomforestclassifier__n_estimators,params,split0_test_score,split1_test_score,split2_test_score,split3_test_score,split4_test_score,mean_test_score,std_test_score,rank_test_score
0,0.26455321311950686,0.005884987923885223,0.053719949722290036,0.003730058925759102,5,{'randomforestclassifier__n_estimators': 5},0.33730158730158727,0.31984126984126987,0.2983164983164983,0.3822751322751323,0.2642857142857143,0.32040404040404036,0.03937258399692344,4
1,0.5336534976959229,0.0039054990169711374,0.06910443305969238,0.0030596772345392975,100,{'randomforestclassifier__n_estimators': 100},0.6706349206349206,0.7123015873015873,0.6269841269841271,0.817857142857143,0.7138888888888889,0.7083333333333334,0.06337340101859888,3
2,1.4111154556274415,0.012396792371180314,0.12855753898620606,0.0025426522669639994,400,{'randomforestclassifier__n_estimators': 400},0.7444444444444445,0.7607142857142857,0.6825396825396824,0.8317460317460316,0.8178571428571427,0.7674603174603173,0.05377591777297268,2
3,3.009194564819336,0.3042401329234308,0.22240228652954103,0.04343998529797582,1000,{'randomforestclassifier__n_estimators': 1000},0.8277777777777778,0.8119047619047618,0.736111111111111,0.8857142857142857,0.6666666666666666,0.7856349206349206,0.076273268508961,1
