,mean_fit_time,std_fit_time,mean_score_time,std_score_time,param_decisiontreeclassifier__max_depth,param_decisiontreeclassifier__max_features,param_decisiontreeclassifier__min_samples_split,params,split0_test_score,split1_test_score,split2_test_score,split3_test_score,split4_test_score,mean_test_score,std_test_score,rank_test_score
0,0.24415388107299804,0.007196820862433402,0.05376334190368652,0.008428512788781047,,auto,10,"{'decisiontreeclassifier__max_depth': None, 'decisiontreeclassifier__max_features': 'auto', 'decisiontreeclassifier__min_samples_split': 10}",0.11616161616161617,0.2976190476190476,0.20555555555555557,0.38359788359788355,0.4047619047619047,0.28153920153920153,0.10861089339960853,3
1,0.23493514060974122,0.005020611040017699,0.04924421310424805,0.0012950945005764103,,auto,15,"{'decisiontreeclassifier__max_depth': None, 'decisiontreeclassifier__max_features': 'auto', 'decisiontreeclassifier__min_samples_split': 15}",0.37216117216117217,0.27499999999999997,0.40079365079365087,0.041666666666666664,0.19761904761904767,0.2574481074481075,0.1297353055500234,5
2,0.23530755043029786,0.002631927014191967,0.051363372802734376,0.004560015191296309,,auto,20,"{'decisiontreeclassifier__max_depth': None, 'decisiontreeclassifier__max_features': 'auto', 'decisiontreeclassifier__min_samples_split': 20}",0.32301587301587303,0.2738095238095239,0.24206349206349206,0.40079365079365076,0.27301587301587305,0.30253968253968255,0.05554739169041117,2
3,0.241013765335083,0.003855937029793261,0.04876976013183594,0.0011196566330587902,,auto,25,"{'decisiontreeclassifier__max_depth': None, 'decisiontreeclassifier__max_features': 'auto', 'decisiontreeclassifier__min_samples_split': 25}",0.4698412698412698,0.15132275132275133,0.2106060606060606,0.4706349206349207,0.2962962962962963,0.31974025974025977,0.13124318032114635,1
4,0.22340068817138672,0.038320458038069605,0.045560789108276364,0.0087429422465177,,auto,30,"{'decisiontreeclassifier__max_depth': None, 'decisiontreeclassifier__max_features': 'auto', 'decisiontreeclassifier__min_samples_split': 30}",0.19246031746031747,0.25555555555555554,0.11428571428571428,0.45634920634920634,0.27910052910052907,0.25955026455026453,0.11378123272421947,4
