,mean_fit_time,std_fit_time,mean_score_time,std_score_time,param_linearsvc__C,param_linearsvc__penalty,params,split0_test_score,split1_test_score,split2_test_score,split3_test_score,split4_test_score,mean_test_score,std_test_score,rank_test_score
0,0.30669169425964354,0.007317608046022229,0.05130505561828613,0.002009183267918836,3,l2,"{'linearsvc__C': 3, 'linearsvc__penalty': 'l2'}",0.8190476190476191,0.7714285714285715,0.6583333333333332,0.669047619047619,0.6666666666666666,0.7169047619047618,0.0658039416004751,1
1,0.300897216796875,0.004414267193527171,0.05468902587890625,0.0032486736366262496,4,l2,"{'linearsvc__C': 4, 'linearsvc__penalty': 'l2'}",0.8190476190476191,0.7714285714285715,0.6583333333333332,0.669047619047619,0.6666666666666666,0.7169047619047618,0.0658039416004751,1
2,0.3028090953826904,0.004919425942570899,0.05200705528259277,0.0032562297413617587,5,l2,"{'linearsvc__C': 5, 'linearsvc__penalty': 'l2'}",0.8190476190476191,0.7714285714285715,0.6583333333333332,0.669047619047619,0.6666666666666666,0.7169047619047618,0.0658039416004751,1
3,0.3086512088775635,0.005742550597063716,0.050155115127563474,0.0009386608483484879,6,l2,"{'linearsvc__C': 6, 'linearsvc__penalty': 'l2'}",0.8190476190476191,0.7714285714285715,0.6003968253968254,0.669047619047619,0.6666666666666666,0.7053174603174603,0.07889607453461507,4
4,0.2924479007720947,0.0333817527490819,0.045429325103759764,0.008502610433871025,7,l2,"{'linearsvc__C': 7, 'linearsvc__penalty': 'l2'}",0.8190476190476191,0.7714285714285715,0.6003968253968254,0.669047619047619,0.6666666666666666,0.7053174603174603,0.07889607453461507,4
