,mean_fit_time,std_fit_time,mean_score_time,std_score_time,param_randomforestclassifier__n_estimators,params,split0_test_score,split1_test_score,split2_test_score,split3_test_score,split4_test_score,mean_test_score,std_test_score,rank_test_score
0,1.4297236919403076,0.021196850263030118,0.13938450813293457,0.005562553894832158,400,{'randomforestclassifier__n_estimators': 400},0.7833333333333333,0.5424603174603174,0.6984126984126985,0.8317460317460316,0.617099567099567,0.6946103896103895,0.10568819678717584,8
1,1.6988811016082763,0.015244048987905072,0.1493069648742676,0.0038874608782591778,500,{'randomforestclassifier__n_estimators': 500},0.8277777777777778,0.8119047619047618,0.736111111111111,0.817857142857143,0.6206349206349207,0.7628571428571429,0.07821491990755425,5
2,2.408188819885254,0.007887978084724561,0.20253477096557618,0.0021767615833261575,750,{'randomforestclassifier__n_estimators': 750},0.8277777777777778,0.8119047619047618,0.7380952380952381,0.7777777777777778,0.665079365079365,0.7641269841269841,0.05832420833499374,4
3,3.1440033435821535,0.007724467950983101,0.25541534423828127,0.00566821701940235,1000,{'randomforestclassifier__n_estimators': 1000},0.8277777777777778,0.8119047619047618,0.6825396825396824,0.8178571428571427,0.6706349206349206,0.762142857142857,0.0701407719600837,6
4,3.9194814205169677,0.036062722970842835,0.31075277328491213,0.008469973002507913,1250,{'randomforestclassifier__n_estimators': 1250},0.8277777777777778,0.8119047619047618,0.6825396825396824,0.7694444444444444,0.665079365079365,0.7513492063492062,0.06635205431724721,7
5,4.654302263259888,0.035664749256119364,0.3547922134399414,0.02522556326507726,1500,{'randomforestclassifier__n_estimators': 1500},0.7333333333333334,0.8119047619047618,0.736111111111111,0.8119047619047618,0.753968253968254,0.7694444444444444,0.03538472282244787,3
6,5.353886413574219,0.005196260310210563,0.4056399822235107,0.022761836612133567,1750,{'randomforestclassifier__n_estimators': 1750},0.8250000000000001,0.8119047619047618,0.736111111111111,0.8857142857142856,0.6706349206349206,0.7858730158730158,0.07474345136731247,1
7,5.900492382049561,0.34998733419876715,0.4080801963806152,0.08302802774174783,2000,{'randomforestclassifier__n_estimators': 2000},0.8277777777777778,0.8119047619047618,0.6825396825396824,0.8178571428571427,0.7206349206349206,0.772142857142857,0.05907257537129842,2
