,mean_fit_time,std_fit_time,mean_score_time,std_score_time,param_randomforestclassifier__n_estimators,params,split0_test_score,split1_test_score,split2_test_score,split3_test_score,split4_test_score,mean_test_score,std_test_score,rank_test_score
0,5.016211271286011,0.02136109456824166,0.41944408416748047,0.023647801836592642,1650,{'randomforestclassifier__n_estimators': 1650},0.8277777777777778,0.8119047619047618,0.6825396825396824,0.8873015873015873,0.5666666666666665,0.7552380952380952,0.1155492323405147,3
1,5.118263626098633,0.02252938595192444,0.3938910484313965,0.023733347932405446,1700,{'randomforestclassifier__n_estimators': 1700},0.7333333333333334,0.8119047619047618,0.7380952380952381,0.8178571428571427,0.6468253968253969,0.7496031746031745,0.06245078687297025,4
2,5.472632694244385,0.025095191144028323,0.41532559394836427,0.006166176090772786,1800,{'randomforestclassifier__n_estimators': 1800},0.8277777777777778,0.8119047619047618,0.736111111111111,0.8178571428571427,0.5984126984126984,0.7584126984126984,0.08637582747903683,2
3,5.540091562271118,0.02922210186473975,0.4337092399597168,0.0470992128256654,1850,{'randomforestclassifier__n_estimators': 1850},0.8277777777777778,0.8119047619047618,0.6825396825396824,0.8857142857142856,0.753968253968254,0.7923809523809523,0.06911709695479697,1
